title,body_markdown,category,status,tags
How to Reset Your Password,"## Overview

Lorem ipsum dolor sit amet, consectetur adipiscing elit, sed do eiusmod tempor incididunt ut labore et dolore magna aliqua.

## Steps

1. Lorem ipsum dolor sit amet
2. Consectetur adipiscing elit
3. Sed do eiusmod tempor incididunt
4. Ut labore et dolore magna aliqua

## Notes

Ut enim ad minim veniam, quis nostrud exercitation ullamco laboris nisi ut aliquip ex ea commodo consequat. Duis aute irure dolor in reprehenderit in voluptate velit esse cillum dolore eu fugiat nulla pariatur.",IT Self-Help,published,
Setting Up Multi-Factor Auth,"## Overview

Lorem ipsum dolor sit amet, consectetur adipiscing elit, sed do eiusmod tempor incididunt ut labore et dolore magna aliqua.

## Steps

1. Lorem ipsum dolor sit amet
2. Consectetur adipiscing elit
3. Sed do eiusmod tempor incididunt
4. Ut labore et dolore magna aliqua

## Notes

Ut enim ad minim veniam, quis nostrud exercitation ullamco laboris nisi ut aliquip ex ea commodo consequat. Duis aute irure dolor in reprehenderit in voluptate velit esse cillum dolore eu fugiat nulla pariatur.",IT Self-Help,published,
Connecting to WPL WiFi,"## Overview

Lorem ipsum dolor sit amet, consectetur adipiscing elit, sed do eiusmod tempor incididunt ut labore et dolore magna aliqua.

## Steps

1. Lorem ipsum dolor sit amet
2. Consectetur adipiscing elit
3. Sed do eiusmod tempor incididunt
4. Ut labore et dolore magna aliqua

## Notes

Ut enim ad minim veniam, quis nostrud exercitation ullamco laboris nisi ut aliquip ex ea commodo consequat. Duis aute irure dolor in reprehenderit in voluptate velit esse cillum dolore eu fugiat nulla pariatur.",IT Self-Help,published,
How to Place a Hold,"## Overview

Lorem ipsum dolor sit amet, consectetur adipiscing elit, sed do eiusmod tempor incididunt ut labore et dolore magna aliqua.

## Steps

1. Lorem ipsum dolor sit amet
2. Consectetur adipiscing elit
3. Sed do eiusmod tempor incididunt
4. Ut labore et dolore magna aliqua

## Notes

Ut enim ad minim veniam, quis nostrud exercitation ullamco laboris nisi ut aliquip ex ea commodo consequat. Duis aute irure dolor in reprehenderit in voluptate velit esse cillum dolore eu fugiat nulla pariatur.",Library Services,published,
Accessing OverDrive / Libby,"## Overview

Lorem ipsum dolor sit amet, consectetur adipiscing elit, sed do eiusmod tempor incididunt ut labore et dolore magna aliqua.

## Steps

1. Lorem ipsum dolor sit amet
2. Consectetur adipiscing elit
3. Sed do eiusmod tempor incididunt
4. Ut labore et dolore magna aliqua

## Notes

Ut enim ad minim veniam, quis nostrud exercitation ullamco laboris nisi ut aliquip ex ea commodo consequat. Duis aute irure dolor in reprehenderit in voluptate velit esse cillum dolore eu fugiat nulla pariatur.",Library Services,published,
New Workstation Setup Checklist,"## Overview

Lorem ipsum dolor sit amet, consectetur adipiscing elit, sed do eiusmod tempor incididunt ut labore et dolore magna aliqua.

## Steps

1. Lorem ipsum dolor sit amet
2. Consectetur adipiscing elit
3. Sed do eiusmod tempor incididunt
4. Ut labore et dolore magna aliqua

## Notes

Ut enim ad minim veniam, quis nostrud exercitation ullamco laboris nisi ut aliquip ex ea commodo consequat. Duis aute irure dolor in reprehenderit in voluptate velit esse cillum dolore eu fugiat nulla pariatur.",Staff Resources,published,
Printer Troubleshooting Guide,"## Overview

Lorem ipsum dolor sit amet, consectetur adipiscing elit, sed do eiusmod tempor incididunt ut labore et dolore magna aliqua.

## Steps

1. Lorem ipsum dolor sit amet
2. Consectetur adipiscing elit
3. Sed do eiusmod tempor incididunt
4. Ut labore et dolore magna aliqua

## Notes

Ut enim ad minim veniam, quis nostrud exercitation ullamco laboris nisi ut aliquip ex ea commodo consequat. Duis aute irure dolor in reprehenderit in voluptate velit esse cillum dolore eu fugiat nulla pariatur.",Staff Resources,published,
Vacation Request Process,"## Overview

Lorem ipsum dolor sit amet, consectetur adipiscing elit, sed do eiusmod tempor incididunt ut labore et dolore magna aliqua.

## Steps

1. Lorem ipsum dolor sit amet
2. Consectetur adipiscing elit
3. Sed do eiusmod tempor incididunt
4. Ut labore et dolore magna aliqua

## Notes

Ut enim ad minim veniam, quis nostrud exercitation ullamco laboris nisi ut aliquip ex ea commodo consequat. Duis aute irure dolor in reprehenderit in voluptate velit esse cillum dolore eu fugiat nulla pariatur.",Staff Resources,draft,
